id,district,block,phc
1,BARPETA,BARPETA ROAD,BARPETA ROAD BPHC
2,BARPETA,BARPETA ROAD,KAMARGAON SD
3,BARPETA,BARPETA ROAD,ODALGURI SD
4,BARPETA,BHAWANIPUR,BHAWANIPUR BPHC
5,BARPETA,BHAWANIPUR,GAREMARI PHC
6,BARPETA,BHAWANIPUR,HOWLY SHC
7,BARPETA,BHAWANIPUR,KAYAKUCHI PHC
8,BARPETA,BHAWANIPUR,SARUTAPA MPHC
9,BARPETA,CHENGA,CHENGA BPHC
10,BARPETA,CHENGA,BAHARI MPHC
11,BARPETA,CHENGA,GOHIA MPHC
12,BARPETA,CHENGA,AMRIKHOWA MPHC
13,BARPETA,CHENGA,KASUMARA SD
14,BARPETA,CHENGA,BYASKUCHI SD
15,BARPETA,CHENGA,KARAIKHAITI RPHC
16,BARPETA,CHENGA,KHOLABANDHA RPHC
17,BARPETA,CHENGA,PUB MAHCHARA RPHC
18,BARPETA,CHENGA,CHATLA
19,BARPETA,KALGACHIA,KALGACHIA BPHC
20,BARPETA,KALGACHIA,ROHA PHC
21,BARPETA,KALGACHIA,TITAPANI MPHC
22,BARPETA,KALGACHIA,CHANDMAMA SD
23,BARPETA,KALGACHIA,ISABPUR RIVERINE PHC
24,BARPETA,KALGACHIA,SORBHOG SHC
25,BARPETA,MANDIA,Moinbari MPHC
26,BARPETA,MANDIA,Mandia BPHC
27,BARPETA,MANDIA,Jania SD
28,BARPETA,MANDIA,Baghbar PHC
29,BARPETA,MANDIA,Balikuri RPHC
30,BARPETA,MANDIA,Tarakandhi RPHC
31,BARPETA,MANDIA,Kadamtola RPHC
32,BARPETA,MANDIA,Baghmarachar RPHC
33,BARPETA,MANDIA,Alopati MPHC
34,BARPETA,NAGAON,AMDAH MPHC
35,BARPETA,NAGAON,BHELLA MPHC
36,BARPETA,NAGAON,KAWAIMARI SD
37,BARPETA,NAGAON,KEOTKUCHI MPHC
38,BARPETA,NAGAON,NAGAON BPHC
39,BARPETA,NAGAON,NASATRA PHC
40,BARPETA,NITYANANDA,NITYANANDA BPHC
41,BARPETA,NITYANANDA,BARBANG MPHC
42,BARPETA,NITYANANDA,BARHAMCHARI MPHC
43,BARPETA,NITYANANDA,AKAYA MPHC
44,BARPETA,NITYANANDA,PATACHARKUCHI MPHC
45,BARPETA,NITYANANDA,HELONA MPHC
46,BARPETA,NITYANANDA,SADERI SD
47,BARPETA,NITYANANDA,PUTHIMARI MPHC
48,BARPETA,NITYANANDA,CHEKI MPHC
49,BARPETA,NITYANANDA,DHEMSA MPHC
50,BARPETA,NITYANANDA,SARUPETA MPHC
51,BARPETA,NITYANANDA,GOMURA MPHC
52,BAKSA,Jalah,Jalah PHC
53,BAKSA,Jalah,Salbari MPHC
54,BAKSA,Jalah,Saudarvitha MPHC
55,BAKSA,Jalah,Charna Bajar MPHC
56,BAKSA,Jalah,Sarumanikpur SD
57,BAKSA,Jalah,Nimua MPHC
58,BAKSA,Jalah,Majorgoan PHC
59,Baksa,Barama BPHC,Barama PHC
60,Baksa,Barama BPHC,BARIMAKHA SD
61,Baksa,Barama BPHC,DEBASARA SD
62,Baksa,Barama BPHC,DIGHELI SD
63,Baksa,Barama BPHC,MEDAGHAT MPHC
64,BAKSA,Nizkaurbaha,Nizkaurbaha BPHC
65,BAKSA,Nizkaurbaha,Naokata MPHC
66,BAKSA,Nizkaurbaha,Goreswar MPHC 
67,BAKSA,Nizkaurbaha,Sonmahari MPHC
68,BAKSA,Nizkaurbaha,Uttar Betna SD
69,BAKSA,Nizkaurbaha,Dwarkuchi SD
70,BAKSA,Mushalpur,Adalbari SD
71,BAKSA,Mushalpur,Angardhowa MPHC
72,BAKSA,Mushalpur,Athiabari SD
73,BAKSA,Mushalpur,Baganpara MPHC
74,BAKSA,Mushalpur,Barbari MPHC
75,BAKSA,Mushalpur,Dighaldonga MPHC
76,BAKSA,Mushalpur,Karemura SD
77,BAKSA,Mushalpur,Nikashi SD
78,BAKSA,Mushalpur,Pamuapathar SHC
79,BAKSA,Mushalpur,Subankhata SD
80,BAKSA,Mushalpur,Thamna MPHC
81,BAKSA,Mushalpur,Mushalpur BPHC
82,BAKSA,Tamulpur,Kumarikata State Dispensary
83,BAKSA,Tamulpur,Khatarbari SD
84,BAKSA,Tamulpur,Tamulpur PHC
85,BAKSA,Tamulpur,Kachukata MPHC
86,BAKSA,Tamulpur,Gandhibari MPHC
87,BAKSA,Tamulpur,Kalakuchi PHC
88,BAKSA,Golagaon,Golagaon 
89,BAKSA,Golagaon,Koklabari
90,BAKSA,Golagaon,Jalagaon
91,BAKSA,Golagaon,Betbari
92,BAKSA,Golagaon,Anchali
93,CACHAR,Bikrampur,Bikrampur PHC
94,CACHAR,Bikrampur,Fulbari MPHC
95,CACHAR,Bikrampur,Gonirgram SD
96,CACHAR,Bikrampur,Sibtilla MPHC
97,CACHAR,Borkhola,Borkhola PHC
98,CACHAR,Borkhola,Salchapra MPHC
99,CACHAR,Borkhola,Chibitabichia MPHC
100,CACHAR,Borkhola,Rajnagar MPHC
101,CACHAR,Borkhola,Kalinagar( Kumar Tilla)
102,CACHAR,Dholai,Dholai
103,CACHAR,Dholai,Narsingpur
104,CACHAR,Dholai,Borjalenga
105,CACHAR,Dholai,Bidyaratanpur
106,CACHAR,Dholai,Hawaithang
107,CACHAR,HARINAGAR,HARINAGAR PHC
108,CACHAR,HARINAGAR,JOYPUR SHC
109,CACHAR,Jalalpur ,Jalalpur PHC
110,CACHAR,Jalalpur ,Katigorah MPHC
111,CACHAR,Lakhipur,LAKHIPUR BPHC
112,CACHAR,Lakhipur,BANSKANDI MPHC
113,CACHAR,Lakhipur,JIRIGHAT MPHC
114,CACHAR,Lakhipur,CHHOTAMAMDA MPHC
115,CACHAR,Lakhipur,DIGER FULERTAL SHC
116,CACHAR,SONAI ,SONAI PHC
117,CACHAR,SONAI ,SONABARIGHAT SHC
118,CACHAR,SONAI ,HARINA MPHC
119,CACHAR,SONAI ,NATUN RAMNAGAR SD
120,CACHAR,SONAI ,SONABARIGHAT PHC
121,CACHAR,SONAI ,Rengty PHC
122,CACHAR,Udharbond,Udharbond BPHC
123,CACHAR,Udharbond,Thaligram MPHC
124,CACHAR,Udharbond,Digar Kashipur MPHC
125,CACHAR,Udharbond,Tikal MPHC (Non Functional)
126,DARRANG,JALJALI,CHAMUAPARA
127,DARRANG,JALJALI,GOSHAIGAON
128,DARRANG,JALJALI,JALJALI
129,DARRANG,JALJALI,NIZ DANHEE
130,DARRANG,JALJALI,RAMHARI
131,DARRANG,JALJALI,RANGAMATI
132,DARRANG,KHARUPETIA,BARUAJHAR
133,DARRANG,KHARUPETIA,DALGAON
134,DARRANG,KHARUPETIA,KUNWARIPUKHURI
135,DARRANG,KHARUPETIA,BHERBHERIBILL
136,DARRANG,KHARUPETIA,SHYAMPUR
137,DARRANG,KHARUPETIA,SILBORI
138,DARRANG,KHARUPETIA,NO.1 MAGURMARI
139,DARRANG,KHARUPETIA,NO.4 ARIMARI
140,DARRANG,KHARUPETIA,DHULA
141,DARRANG,PATHARIGHAT,DUNI
142,DARRANG,PATHARIGHAT,SARABARI
143,DARRANG,PATHARIGHAT,ANDHERIGHAT
144,DARRANG,PATHARIGHAT,HENGALPARA
145,DARRANG,PATHARIGHAT,KENDUGURI
146,DARRANG,PATHARIGHAT,CHENGELIAJHAR
147,DARRANG,PATHARIGHAT,BURHINAGAR
148,DARRANG,PATHARIGHAT,NAMKHOLA
149,DARRANG,PATHARIGHAT,PATHARIGHAT
150,DARRANG,SIPAJHAR,KURUWA
151,DARRANG,SIPAJHAR,GARUKHUTI
152,DARRANG,SIPAJHAR,HAZARIKAPARA
153,DARRANG,SIPAJHAR,LAWJAN
154,DARRANG,SIPAJHAR,DUMUNICHOWKI
155,DARRANG,SIPAJHAR,DHALPUR BHETI BAZAR
156,DHEMAJI,Dhemaji BPHC,Batgharia SHC
157,DHEMAJI,Dhemaji BPHC,Lakhipathar MPHC
158,DHEMAJI,Dhemaji BPHC,Amguri MPHC
159,DHEMAJI,Dhemaji BPHC,Changchangia RPHC
160,DHEMAJI,Dhemaji BPHC,Dhemaji BPHC
161,DHEMAJI,Gogamukh,Adut Gaon Riverine PHC
162,DHEMAJI,Gogamukh,Bordoloni MPHC
163,DHEMAJI,Gogamukh,Borola New PHC
164,DHEMAJI,Gogamukh,Chowkham Gaon New PHC
165,DHEMAJI,JONAI BPHC,TELAM MPHC
166,DHEMAJI,JONAI BPHC,Dekapam MPHC
167,DHEMAJI,JONAI BPHC,Bijoypur MPHC
168,DHEMAJI,JONAI BPHC,Ramdhan MPHC 
169,DHEMAJI,JONAI BPHC,Jonai PHC
170,DHEMAJI,Sissiborgaon BPHC,Sissiborgaon BPHC
171,DHEMAJI,Sissiborgaon BPHC,Silapathar MPHC
172,DHEMAJI,Sissiborgaon BPHC,Khanamukh MPHC
173,DHEMAJI,Sissiborgaon BPHC,Chimenmukh MPHC
174,DHEMAJI,Sissiborgaon BPHC,Deorighat MPHC
175,DHEMAJI,Sissiborgaon BPHC,Mechaki Tangani MPHC(Upgraded)
176,DHEMAJI,BENGENAGARAH ,MACHKHOWA PHC
177,DHEMAJI,BENGENAGARAH ,SISSIMUKH MPHC
178,DHUBRI,Dhubri Urban Unit,Dhubri Health & Maternity Centre
179,DHUBRI,Dharmasala BPHC,Dharmasala PHC
180,DHUBRI,Dharmasala BPHC,Bhogdahor Char PHC
181,DHUBRI,Dharmasala BPHC,Boraibari Char PHC
182,DHUBRI,Dharmasala BPHC,Geramari MPHC
183,Dhubri,Gazarikandi ,Gazarikandi BPHC
184,Dhubri,Gazarikandi ,Jhowdanga SD
185,Dhubri,Gazarikandi ,Sadullabari SHC
186,Dhubri,Gazarikandi ,Kakripara SD
187,Dhubri,Gazarikandi ,Sukchar MPHC
188,Dhubri,Gazarikandi ,Dewaneralga RPHC
189,Dhubri,Gazarikandi ,Hazirhat Bazar RPHC
190,Dhubri,Golakganj,Golakganj PHC
191,Dhubri,Golakganj,Moterjhar SD
192,Dhubri,Golakganj,Kachokhana SD
193,Dhubri,Golakganj,Berbhangi SD
194,Dhubri,Golakganj,Dhephepi MPHC
195,Dhubri,Golakganj,Dumardaha MPHC
196,Dhubri,Golakganj,Tamarhat MPHC
197,Dhubri,South Salmara,South Salmara PHC
198,Dhubri,South Salmara,Fakirganj MPHC
199,Dhubri,South Salmara,Chirakutti MPHC
200,Dhubri,South Salmara,Medertary SD
201,Dhubri,South Salmara,Jarua MPHC
202,Dhubri,South Salmara,Airkata Riverine PHC
203,Dhubri,South Salmara,Birshing pt-I Riverine PHC
204,Dhubri,South Salmara,Katlamari R PHC
205,Dhubri,South Salmara,Mahamayachar R PHC
206,DHUBRI,Raniganj PHC,Raniganj PHC
207,DHUBRI,Raniganj PHC,Lakhiganj SD
208,DHUBRI,Raniganj PHC,Bilasipara SHC
209,DHUBRI,Raniganj PHC,Sapotgram SHC
210,DHUBRI,Raniganj PHC,Futkibari SD
211,DHUBRI,Raniganj PHC,Bogribari SD
212,DHUBRI,Raniganj PHC,Santipur MPHC
213,DHUBRI,Raniganj PHC,Nayaralga Riverrine PHC
214,DHUBRI,Raniganj PHC,Masaneralga Riverine PHC
215,DHUBRI,Dhubri Urban,Urban Health Centre
216,DHUBRI,CHAPAR,Champabati MPHC
217,DHUBRI,CHAPAR,Bahalpur SD
218,DHUBRI,CHAPAR,Salkocha SHC
219,DHUBRI,CHAPAR,Puthimari RPHC
220,DHUBRI,HALAKURA,SATRASAL MPHC
221,DHUBRI,HALAKURA,BOTERHAT SD
222,DIBRUGARH,Naharani,Tinkhong MPHC
223,DIBRUGARH,Naharani,Namrup MPHC
224,DIBRUGARH,Naharani,Nigum MPHC
225,DIBRUGARH,Naharani,Naharkatia SD
226,DIBRUGARH,Naharani,Joypur SD
227,Dibrugarh,Lahowal,LAHOWAL BPHC
228,Dibrugarh,Lahowal,ROHMORIA MPHC
229,Dibrugarh,Lahowal,GHORAMORA SD
230,DIBRUGARH,BARBARUAH,KALAKHOWA MPHC
231,DIBRUGARH,BARBARUAH,MADHUPUR S.D.
232,DIBRUGARH,Barbaruah,Barbaruah PHC
233,DIBRUGARH,BARBARUAH,DIBRUMUKH STATE DISPENSARY
234,DIBRUGARH,Barbaruah BPHC,Namoni Borpathar MPHC
235,DIBRUGARH,Barbaruah BPHC,Jamirah TVR SD
236,DIBRUGARH,Dibrugarh Urban,Dibrugarh SD
237,DIBRUGARH,Dibrugarh Urban,Dibrugarh UHC
238,DIBRUGARH,Panitola,Panitola PHC
239,DIBRUGARH,Rongchongi,Rongchongi MPHC
240,DIBRUGARH,TENGAKHAT,TENGAKHAT PHC
241,DIBRUGARH,TENGAKHAT,KACHARIPATHAR MPHC
242,DIBRUGARH,TENGAKHAT ,SISSIA BOKULONI SD 
243,DIBRUGARH,TENGAKHAT ,DULIAJAN UHC
244,DIBRUGARH,KHOWANG,KHOWANG PHC
245,DIBRUGARH,KHOWANG,SEPON CHAKALIA PHC
246,DIBRUGARH,KHOWANG,SESSUGHAT MPHC
247,DIBRUGARH,KHOWANG,MORAN SD
248,DIBRUGARH,KHOWANG,TINTENGIA MPHC
249,DIBRUGARH,KHOWANG,LENGERI MPHC
250,DIBRUGARH,KHOWANG,2 No GHURAGHAS PHC
251,DIBRUGARH,TENGAKHAT,BHADOIPANCHALI
252,DIMA HASAO,Gunjung BPHC,Gunjung BPHC
253,DIMA HASAO,Gunjung BPHC,Dehangi SD
254,DIMA HASAO,Gunjung BPHC,Diyungmukh MPHC
255,DIMA HASAO,Langting BPHC,Langting PHC
256,DIMA HASAO,Langting BPHC,Hajadisa SHC
257,DIMA HASAO,Mahur BPHC,Mahur  BPHC
258,DIMA HASAO,Mahur BPHC,Laisong SHC
259,DIMA HASAO,Mahur BPHC,Boro-Arkap SHC
260,DIMA HASAO,Mahur BPHC,Harangajao MPHC
261,DIMA HASAO,Mahur BPHC,Jatinga SD
262,DIMA HASAO,Mahur BPHC,Urban Health & FW Centre
263,GOALPARA,Agia BPHC,Agia BPHC
264,GOALPARA,Agia BPHC,Badahpur SD
265,GOALPARA,Agia BPHC,Baguan SD
266,GOALPARA,Agia BPHC,Barvita MPHC
267,GOALPARA,Agia BPHC,Bordhamal SD
268,GOALPARA,Agia BPHC,Joypur MPHC
269,GOALPARA,Agia BPHC,Kharmuja MPHC
270,GOALPARA,Agia BPHC,Markula New PHC
271,GOALPARA,Agia BPHC,Messelkhowa MPHC
272,GOALPARA,Agia BPHC,Tiapara Char PHC
273,GOALPARA,Agia BPHC,AMBARI BAZER SD
274,GOALPARA,Goalpara Urban,"MCHC, Goalpara"
275,GOALPARA,Lakhipur BPHC,Baida SHC
276,GOALPARA,Lakhipur BPHC,Chaibari MPHC
277,GOALPARA,Lakhipur BPHC,Chunari Char PHC
278,GOALPARA,Lakhipur BPHC,Chunari SD
279,GOALPARA,Lakhipur BPHC,Dhumerghat SD
280,GOALPARA,Lakhipur BPHC,Joleswar SHC
281,GOALPARA,Lakhipur BPHC,Lakhipur BPHC
282,GOALPARA,Matia BPHC,Bohati MPHC
283,GOALPARA,Matia BPHC,Dolgoma SD
284,GOALPARA,Matia BPHC,Matia BPHC
285,GOALPARA,Matia BPHC,Simlitola Char PHC
286,GOALPARA,Mornai BPHC,Chenimari MPHC
287,GOALPARA,Mornai BPHC,Dahela Majakhili SD
288,GOALPARA,Mornai BPHC,Dilmajakhili SD
289,GOALPARA,Mornai BPHC,Harimura SD
290,GOALPARA,Mornai BPHC,Khardang MPHC
291,GOALPARA,Mornai BPHC,Krishnai MPHC
292,GOALPARA,Mornai BPHC,Mornai BPHC
293,GOALPARA,Rangjuli BPHC,Ambari MPHC
294,GOALPARA,Rangjuli BPHC,Amjonga New PHC
295,GOALPARA,Rangjuli BPHC,Bagdoba MPHC
296,GOALPARA,Rangjuli BPHC,Damra MPHC
297,GOALPARA,Rangjuli BPHC,Daranggiri SD
298,GOALPARA,Rangjuli BPHC,Khutabari MPHC
299,GOALPARA,Rangjuli BPHC,Kuchdhowa SD
300,GOALPARA,Rangjuli BPHC,Simlitola MPHC
301,GOALPARA,Rangjuli BPHC,Bikali SD
302,GOALPARA,Rangjuli BPHC,Thabalpara MPHC
303,GOALPARA,Rangjuli BPHC,Tiplai MPHC
304,Golaghat,Bokakhat,Kamargaon MPHC
305,Golaghat,Bokakhat,Mahuramukh MPHC
306,Golaghat,Bokakhat,Kohara SD
307,Golaghat,Sarupather BPHC,Morangi PHC
308,Golaghat,Sarupather BPHC,Bhagyapur MPHC
309,Golaghat,Sarupather BPHC,Ponka MPHC
310,Golaghat,Sarupather BPHC,Nahorsola MPHC
311,Golaghat,Sarupather BPHC,B.G. Khat SD
312,GOLAGHAT,Sarupathar,Kachomari SD
313,GOLAGHAT,Sarupathar,BARPATHAR MPHC
314,GOLAGHAT,Sarupathar,Naojan MPHC
315,GOLAGHAT,Sarupathar,Chungajan
316,GOLAGHAT,Sarupathar,Bilgaon MPHC
317,GOLAGHAT,Sarupathar,GELABIL MPHC
318,GOLAGHAT,Missamora BPHC,Missamora BPHC
319,GOLAGHAT,Missamora BPHC,Dergaon SHC
320,GOLAGHAT,Missamora BPHC,Khakandaguri MPHC
321,GOLAGHAT,Missamora BPHC,Bilatia MPHC
322,GOLAGHAT,Missamora BPHC,Khatgaon MPHC
323,GOLAGHAT,Charingia BPHC,Charingia BPHC
324,GOLAGHAT,Charingia BPHC,Khumtai MPHC
325,GOLAGHAT,Charingia BPHC,Dusutimukh  SD
326,GOLAGHAT,Charingia BPHC,Sumoni MPHC
327,GOLAGHAT,Charingia BPHC,Badulipara  MPHC
328,GOLAGHAT,Charingia BPHC,Kuralguri MPHC
329,GOLAGHAT,Charingia BPHC,Majukuchi MPHC
330,GOLAGHAT,Charingia BPHC,Chinatoli  SD
331,GOLAGHAT,Charingia BPHC,Bholaguri  MPHC
332,GOLAGHAT,Charingia BPHC,Buralikson  MPHC
333,GOLAGHAT,Kamarbondha Ali,Kamarbondha Ali BPHC 
334,GOLAGHAT,Kamarbondha Ali,Salikihat SHC 
335,GOLAGHAT,Kamarbondha Ali,Kachamari MPHC 
336,GOLAGHAT,Kamarbondha Ali,Kaborugaon MPHC 
337,GOLAGHAT,Kamarbondha Ali,Athkhelia MPHC 
338,GOLAGHAT,Kamarbondha Ali,Furkating SD 
339,GOLAGHAT,Kamarbondha Ali,Dakhinhengera MPHC 
340,GOLAGHAT,Kamarbondha Ali,Boruagaon MPHC 
341,GOLAGHAT,Kamarbondha Ali,Gonesh Bora MPHC 
342,GOLAGHAT,Kamarbondha Ali,Lakhijuri MPHC 
343,GOLAGHAT,Kamarbondha Ali,Nogura MPHC 
344,HAILAKANDI,Algapur BPHC,Algapur BPHC
345,HAILAKANDI,Algapur BPHC,Matijuri SHC
346,HAILAKANDI,Algapur BPHC,North Narainpur NPHC
347,HAILAKANDI,Algapur BPHC,Chiporsangan NPHC
348,HAILAKANDI,LALA,BELAIPUR MPHC
349,HAILAKANDI,LALA,NITYANANDAPUR SD
350,HAILAKANDI,LALA,VERNERPUR SD
351,HAILAKANDI,LALA,LALA PHC (Lala CHC IN  A SAME CAMPUS )
352,HAILAKANDI,KALINAGAR BPHC,"SOROJINI PHC,KALINAGAR"
353,HAILAKANDI,KATLICHERRA BPHC,Katlicherra BPHC
354,HAILAKANDI,KATLICHERRA BPHC,Gharmura NPHC
355,HAILAKANDI,KATLICHERRA BPHC,Jamira SD
356,HAILAKANDI,KATLICHERRA BPHC,Gharmura Forest Village PHC
357,JORHAT,Nakachari BPHC,Nakachari BPHC
358,JORHAT,Nakachari BPHC,Selenghat MPHC
359,JORHAT,Solmora BPHC,Solmora BPHC
360,JORHAT,Solmora BPHC,Dhekorgora mphc
361,JORHAT,Solmora BPHC,Debnath Sramh mphc
362,JORHAT,Solmora BPHC,Ownamukh sd 
363,JORHAT,Solmora BPHC,Kolbari SD
364,JORHAT,Solmora BPHC,Noborachuk mphc
365,JORHAT,Solmora BPHC,Puranimati shc
366,JORHAT,Solmora BPHC,Garumora mphc
367,JORHAT,Solmora BPHC,Kachogoral mphc
368,JORHAT,Solmora BPHC,Tankeswar Sarmah mphc
369,JORHAT,Bhogamukh BPHC,Bhogamukh BPHC
370,JORHAT,Bhogamukh BPHC,Ouguri MPHC
371,JORHAT,Titabar BPHC,Titabar BPHC
372,JORHAT,Titabar BPHC,Raidangjuri MPHC
373,JORHAT,Titabar BPHC,Bekajan MPHC
374,JORHAT,Titabar BPHC,Urangial MPHC
375,JORHAT,Titabar BPHC,Tipomia SD
376,JORHAT,Titabar BPHC,Mohimabari MPHC
377,JORHAT,Titabar BPHC,Melamati MPHC
378,JORHAT,Titabar BPHC,Borbamchungi MPHC
379,JORHAT,Titabar BPHC,Samaguri MPHC
380,JORHAT,Kakojan BPHC,Kakojan BPHC
381,JORHAT,Kakojan BPHC,Cenijan MPHC
382,JORHAT,Kakojan BPHC,Pulinahoroni MPHC
383,JORHAT,Kakojan BPHC,Jhanjimukh SD
384,JORHAT,Baghchung BPHC,Baghchung
385,JORHAT,Baghchung BPHC,Dahotia SD
386,JORHAT,Baghchung BPHC,Mariani MPHC
387,JORHAT,Baghchung BPHC,Jalukanibari SD
388,JORHAT,Baghchung BPHC,Attapam
389,JORHAT,Baghchung BPHC,Pokamara
390,JORHAT,KAMALABARI BPHC ,KAMALABARI BPHC 
391,JORHAT,KAMALABARI BPHC ,BONGAON SD
392,JORHAT,KAMALABARI BPHC ,DAKHINPAT SD
393,JORHAT,KAMALABARI BPHC ,RATANPUR MIRI
394,JORHAT,KAMALABARI BPHC ,RATANPUR  LAHON
395,JORHAT,KAMALABARI BPHC ,GEREKI RIVEIN MPHC
396,JORHAT,KAMALABARI BPHC ,RONGACHAHI SD
397,JORHAT,KAMALABARI BPHC ,KARATIPAR MPHC
398,JORHAT,KAMALABARI BPHC ,JENGRAIMUKH MPHC
399,JORHAT,Jorhat UHC,Jorhat MCW Centre
400,JORHAT,Jorhat UHC,BB Dispancery
401,KAMRUP METRO,CAPITAL ZONE,CAPITAL SD
402,KAMRUP METRO,CAPITAL ZONE,KHANAPRA SD
403,KAMRUP METRO,CAPITAL ZONE,BHETAPARA USD
404,KAMRUP METRO,CAPITAL ZONE,HENGARABARI MU
405,KAMRUP METRO,CAPITAL ZONE,NOTBOMA PHC
406,KAMRUP METRO,CAPITAL ZONE,LOKHARA SD
407,KAMRUP METRO,DHIRENPARA ZONE,ODALBAKRA MPHC
408,KAMRUP METRO,EAST ZONE ,East Guwahati SD 
409,KAMRUP METRO,EAST ZONE ,Satgaon USD 
410,KAMRUP METRO,EAST ZONE ,Kharguli MPHC 
411,KAMRUP METRO,EAST ZONE ,Ulubari UHC 
412,KAMRUP METRO,SONAPUR,NORTAP MPHC
413,KAMRUP METRO,SONAPUR,HAHARA MPHC
414,KAMRUP METRO,SONAPUR,KAMARPUR MPHC
415,KAMRUP METRO,SONAPUR,MALOIBARI MPHC
416,KAMRUP METRO,SONAPUR,SONAPUR PHC
417,KAMRUP METRO,SONAPUR,KHETRI SD
418,KAMRUP METRO,SONAPUR,DIMORIA SD
419,KAMRUP METRO,SONAPUR,TAMULIKUCHI SD
420,KAMRUP METRO,SONAPUR,DIGARU SD
421,KAMRUP METRO,SONAPUR,HATIBAGARA MPHC
422,KAMRUP METRO,SONAPUR,PANIKHAITI MPHC
423,KAMRUP METRO,WEST ZONE,Garegaon SD
424,KAMRUP METRO,WEST ZONE,West Ghy SD
425,KAMRUP METRO,WEST ZONE,Kamakhya SD
426,KAMRUP RURAL,Bihdia BPHC,Bihdia PHC
427,KAMRUP RURAL,Bihdia BPHC,Haldha MPHC
428,KAMRUP RURAL,BOKO BPHC,Boko BPHC
429,KAMRUP RURAL,BOKO BPHC,HAHIM SD
430,KAMRUP RURAL,BOKO BPHC,DHUPGURI SD
431,KAMRUP RURAL,BOKO BPHC,DEOCHOR MPHC
432,KAMRUP RURAL,BOKO BPHC,TARABARI SD
433,KAMRUP RURAL,BOKO BPHC,BHALUKGHATA SD
434,KAMRUP RURAL,BOKO BPHC,Jambari MPHC
435,KAMRUP RURAL,BOKO BPHC,Bamunigaon MPHC
436,KAMRUP RURAL,BOKO BPHC,Chatabari SD(Ayur)
437,KAMRUP RURAL,North Guwahati,North Guwahati PHC
438,KAMRUP RURAL,North Guwahati,Phulung MPHC
439,KAMRUP RURAL,North Guwahati,Changsari SD
440,KAMRUP RURAL,North Guwahati,Baihata Chariali MPHC
441,KAMRUP RURAL,North Guwahati,Suktaguri (Manikarneswar) MPHC
442,KAMRUP RURAL,North Guwahati,Athiaboi Banmaja PHC
443,KAMRUP RURAL,North Guwahati,North Guwahati OPD
444,KAMRUP RURAL,NAGARBERA BPHC,NAGARBERA PHC
445,KAMRUP RURAL,NAGARBERA BPHC,MALIBARI MPHC
446,KAMRUP RURAL,NAGARBERA BPHC,HEKRA SD
447,KAMRUP RURAL,NAGARBERA BPHC,BAMUNBORI MPHC
448,KAMRUP RURAL,NAGARBERA BPHC,BARUA BALIJHAR MPHC
449,KAMRUP RURAL,NAGARBERA BPHC,NAITOR KALYANPUR MPHC
450,KAMRUP RURAL,NAGARBERA BPHC,TUPAMARI MPHC
451,KAMRUP RURAL,NAGARBERA BPHC,SONTOLI MPHC
452,KAMRUP RURAL,NAGARBERA BPHC,CHAMARIA SD
453,KAMRUP RURAL,Azara BPHC,Azara PHC
454,KAMRUP RURAL,Azara BPHC,Garal MPHC
455,KAMRUP RURAL,CHHAYGAON,CHHAYGAON PHC
456,KAMRUP RURAL,CHHAYGAON,CHHAYGAON OPD
457,KAMRUP RURAL,CHHAYGAON,JAMUGURI MPHC
458,KAMRUP RURAL,CHHAYGAON,JALUKBARI PANTANMPHC
459,KAMRUP RURAL,CHHAYGAON,GUMI MPHC
460,KAMRUP RURAL,CHHAYGAON,ALIKASH SD
461,KAMRUP RURAL,CHHAYGAON,BATAHIDIA CHAR PHC
462,KAMRUP RURAL,CHHAYGAON,G.B.MPHC
463,KAMRUP RURAL,CHHAYGAON,PANIKHAITY CHAR PHC
464,KAMRUP RURAL,Kamalpur,Kamalpur PHC
465,KAMRUP RURAL,Kamalpur,Dorakohara SD
466,KAMRUP RURAL,Kamalpur,Guiya SD
467,KAMRUP RURAL,Kamalpur,Puthimari MPHC
468,KAMRUP RURAL,Rangia BPHC,Rangia BPHC
469,KAMRUP RURAL,Rangia BPHC,Madhyapanduri MPHC
470,KAMRUP RURAL,Rangia BPHC,Kaniha SD
471,KAMRUP RURAL,Rangia BPHC,Balisatra SD
472,KAMRUP RURAL,Rangia BPHC,Baranghati MPHC
473,KAMRUP RURAL,Rangia BPHC,Puranburka MPHC
474,KAMRUP RURAL,Hajo,Hajo PHC
475,KAMRUP RURAL,Hajo,Bangalparachar PHC
476,KAMRUP RURAL,Hajo,Boromboi MPHC
477,KAMRUP RURAL,Hajo,Buragohainthan MPHC
478,KAMRUP RURAL,Hajo,Dadara MPHC
479,KAMRUP RURAL,Hajo,Dihina MPHC
480,KAMRUP RURAL,Hajo,Ramdia SD
481,KAMRUP RURAL,Hajo,Soniadi MPHC
482,KAMRUP RURAL,RAMPUR,JHAROBARI
483,KAMRUP RURAL,RAMPUR,GUIMARA SD
484,KAMRUP RURAL,RAMPUR,LOHARGHAT SD
485,KAMRUP RURAL,RAMPUR,RAJAPARA SD
486,KAMRUP RURAL,RAMPUR BPHC,KULSI SD
487,KAMRUP RURAL,RAMPUR,Nahira State Dispensary
488,KAMRUP RURAL,RAMPUR,RAMPUR PHC
489,KAMRUP RURAL,Sualkuchi ,Sualkuchi PHC
490,KAMRUP RURAL,Sualkuchi ,Bongshar New PHC
491,KAMRUP RURAL,Sualkuchi ,Halogaon MPHC
492,KAMRUP RURAL,Sualkuchi ,Dampur SD
493,KAMRUP RURAL,Uparhali BPHC/ Uparhali PHC,UPARHALI PHC
494,KAMRUP RURAL,Uparhali BPHC/ U&C Goswami PHC,"U&C GOSWAMI PHC, AMRANGA"
495,KAMRUP RURAL,Uparhali BPHC/ Moniari Tiniali PHC,MONIARI TINIALI
496,KAMRUP RURAL,Uparhali BPHC/ Palasbari PHC,PALASBARI 
497,Karbi Anglong,Manja,Manja
498,Karbi Anglong,Manja,Dhansiri 
499,Karbi Anglong,Manja,Borlangfer 
500,Karbi Anglong,Manja,Mohendijua
501,Karbi Anglong,Bokajan,Balipathar
502,Karbi Anglong,Bokajan,Borpathar
503,Karbi Anglong,Bokajan,Dillai
504,Karbi Anglong,Howraghat,Dengaon
505,Karbi Anglong,Howraghat,Dokmoka
506,Karbi Anglong,Howraghat,Langhin
507,Karbi Anglong,Howraghat,Phuloni
508,Karbi Anglong,Howraghat,Rajapather
509,Karbi Anglong,Howraghat,Centre Bazar
510,Karbi Anglong,Howraghat,Jaipong 
511,Karbi Anglong,Howraghat,Balijuri
512,Karbi Anglong,Howraghat,Tekelanjun
513,Karbi Anglong,Howraghat,Okrreng 
514,Karbi Anglong,Howraghat,Samaguri 
515,Karbi Anglong,Chowkihola,Chokihola 
516,Karbi Anglong,Chowkihola,Malasipathar
517,Karbi Anglong,Chowkihola,Dolamara
518,Karbi Anglong,Chowkihola,Deithor 
519,Karbi Anglong,Chowkihola,Deihori
520,Karbi Anglong,Chowkihola,Rongmongve
521,Karbi Anglong,Donkamokam,Taradubi
522,Karbi Anglong,Donkamokam,Kolonga
523,Karbi Anglong,Donkamokam,Kheroni
524,Karbi Anglong,Donkamokam,Mailoo
525,Karbi Anglong,Donkamokam,Tumpreng
526,Karbi Anglong,Donkamokam,Sildubi
527,Karbi Anglong,Donkamokam,Hanglokrok New PHC
528,Karbi Anglong,Boithalangso,Boithalangso
529,Karbi Anglong,Boithalangso,Bhoksong
530,Karbi Anglong,Boithalangso,Khanduli
531,Karbi Anglong,Boithalangso,Rongchek
532,Karbi Anglong,Boithalangso,Rongmandu 
533,Karbi Anglong,Boithalangso,Rongpangbong 
534,Karbi Anglong,Zirikindeng,Zirikinding 
535,Karbi Anglong,Umpanai,Umpanai
536,Karbi Anglong,Umpanai,Ouguri 
537,Karbi Anglong,Umpanai,Putsari
538,KARBI ANGLONG,Bokajan,Bokajan PHC /CHC
539,KARBI ANGLONG,Donkamokam,Donkamokam BPHC
540,KARBI ANGLONG,Howraghat,Howraghat BPHC
541,Karbi Anglong,Umpanai,Rangjangphong 
542,Karbi Anglong,Umpanai,Borgaon
543,KARIMGANJ,Girishganj ,Girishganj PHC
544,KARIMGANJ,Girishganj ,Latu MPHC
545,KARIMGANJ,Girishganj ,Maizgram SD
546,KARIMGANJ,Girishganj ,Dasgram SHC
547,KARIMGANJ,NILAMBAZAR BPHC,NILAMBAZAR PHC
548,KARIMGANJ,NILAMBAZAR BPHC,KALIGANJ MPHC
549,KARIMGANJ,NILAMBAZAR BPHC,MANOSANGAN SD (MPHC)
550,KARIMGANJ,NILAMBAZAR BPHC,FATEHPUR PHC
551,Karimganj,R K NAGAR ,R.K. Nagar
552,Karimganj,R K NAGAR ,Dullavcherra MPHC
553,Karimganj,R K NAGAR ,Kalacherra MPHC
554,Karimganj,R K NAGAR ,Cheragi PHC
555,Karimganj,R K NAGAR ,Veterbond SD
556,Karimganj,R K NAGAR ,Chargola MPHC
557,Karimganj,R K NAGAR ,Doloo
558,Karimganj,R K NAGAR ,Kalibaribazar SD
559,Karimganj,R K NAGAR ,Anandapur
560,Karimganj,R K NAGAR ,Nivia
561,KARIMGANJ,Patharkandi BPHC,Patharkandi PHC
562,KARIMGANJ,Patharkandi BPHC,Duhalia
563,KARIMGANJ,Patharkandi BPHC,Bazaricherra SHC
564,KARIMGANJ,Patharkandi BPHC,Baraigram MPHC
565,KARIMGANJ,Patharkandi BPHC,Nagrabazar MPHC
566,KARIMGANJ,Patharkandi BPHC,Tilbhum PHC
567,KARIMGANJ,Patharkandi BPHC,Tokerbazar PHC
568,KARIMGANJ,Kachuadam ,Kachuadam PHC
569,KARIMGANJ,Kachuadam ,Badarpur SHC
570,KARIMGANJ,Kachuadam ,Mohakal TC
571,KARIMGANJ,Kachuadam ,Bhanga SD
572,Kokrajhar,Gossaigaon ,Gossaigaon BPHC
573,Kokrajhar,Gossaigaon ,Bhowraguri PHC.
574,Kokrajhar,Gossaigaon ,Tulshibil SHC
575,Kokrajhar,Gossaigaon ,Bhumka MPHC
576,Kokrajhar,Gossaigaon ,Tipkai MPHC.
577,Kokrajhar,Gossaigaon ,Dhuligaon SHC
578,Kokrajhar,Gossaigaon ,Kazigaon SD
579,Kokrajhar,Gossaigaon ,Debitola MPHC.
580,Kokrajhar,Gossaigaon ,Bashbari SD
581,Kokrajhar,Gossaigaon ,Rupsi MPHC.
582,Kokrajhar,Gossaigaon ,Ballimari MPHC
583,Kokrajhar,Gossaigaon ,Kurshakati MPHC.
584,Kokrajhar,Dotma,Angthihara SD
585,Kokrajhar,Dotma,Bonargaon SD
586,Kokrajhar,Dotma,Bhalukmari MPHC
587,Kokrajhar,Dotma,Chithila SHC
588,Kokrajhar,Dotma,Dumariguri SD
589,Kokrajhar,Dotma,Dhauliguri MPHC
590,Kokrajhar,Dotma,Fakiragram SHC
591,Kokrajhar,Dotma,Gossainichina SD
592,Kokrajhar,Dotma,Jharbari SD
593,Kokrajhar,Dotma,Lakhnabari MPHC
594,Kokrajhar,Dotma,Pratapkhata SD
595,Kokrajhar,Dotma,Saktiashram SD
596,Kokrajhar,Dotma,Serfanguri SD
597,Kokrajhar,Dotma,Dotma BPHC
598,Kokrajhar,Kachugaon,Gurufella SHC
599,Kokrajhar,Kachugaon,Jaraguri SD
600,Kokrajhar,Kachugaon,Joymaguri PHC
601,Kokrajhar,Kachugaon,Soraibil SHC
602,Kokrajhar,Kachugaon,Patakata SD
603,Kokrajhar,Kachugaon,Kamalsing SHC
604,Kokrajhar,Kachugaon,Kachugaon BPHC
605,Kokrajhar,Balajan,Bangaldoba PHC
606,Kokrajhar,Balajan,Balajan BPHC
607,Kokrajhar,Balajan,Dholmara PHC
608,Kokrajhar,Balajan,Harinaguri MPHC
609,Kokrajhar,Balajan,Kalipukhuri MPHC
610,Kokrajhar,Balajan,Nayekgaon SD
611,Kokrajhar,Balajan,Owbari PHC
612,Kokrajhar,Balajan,Patgaon SD
613,Kokrajhar,Balajan,Rainadabri PHC
614,Kokrajhar,Balajan,Salakati SD
615,Kokrajhar,Balajan,Simbargaon
616,Kokrajhar,Balajan,Sukanjhora SD
617,LAKHIMPUR,Dhalpur BPHC,Simoluguri SHC
618,LAKHIMPUR,Dhalpur BPHC,Kherajkhat SD
619,LAKHIMPUR,Bihpuria BPHC,Bahgorah MPHC
620,LAKHIMPUR,Bihpuria BPHC,Harmotty MPHC
621,LAKHIMPUR,Bihpuria BPHC,Meneha MPHC
622,LAKHIMPUR,Bihpuria BPHC,Keyamora MPHC
623,LAKHIMPUR,Bihpuria BPHC,Islampur SD
624,LAKHIMPUR,Nawboicha BPHC,Panigaon SHC
625,LAKHIMPUR,Nawboicha BPHC,Gorsiga SD
626,LAKHIMPUR,Nawboicha BPHC,Azad SD
627,LAKHIMPUR,Boginodi BPHC,Gharmora MPHC
628,LAKHIMPUR,Boginodi BPHC,Badhakora MPHC
629,LAKHIMPUR,Boginodi BPHC,Chawldhowa MPHC
630,LAKHIMPUR,Boginodi BPHC,Seajuli MPHC
631,LAKHIMPUR,Boginodi BPHC,Dorge Riverine PHC
632,LAKHIMPUR,Ghilamora BPHC,Sonarichapori MPHC
633,LAKHIMPUR,Ghilamora BPHC,Kekuri Bebejia MPHC
634,LAKHIMPUR,Ghilamora BPHC,Bebejia SD
635,LAKHIMPUR,Dhakuakhana BPHC,Kekuripamua MPHC
636,LAKHIMPUR,Dhalpur BPHC,Narayanpur SHC
637,LAKHIMPUR,Bihpuria BPHC,Laluk MPHC
638,LAKHIMPUR,Boginodi BPHC,Boginodi BPHC
639,LAKHIMPUR,Dhakuakhana BPHC,Harhi MPHC
640,LAKHIMPUR,Dhakuakhana BPHC,Matmora SD
641,LAKHIMPUR,Bihpuria BPHC,Bihpuria BPHC
642,LAKHIMPUR,Dhakuakhana BPHC,Dhakuakhana BPHC/CHC
643,LAKHIMPUR,Dhalpur BPHC ,Dhalpur BPHC
644,LAKHIMPUR,Ghilamora BPHC,Ghilamora BPHC/CHC
645,LAKHIMPUR,Nawboicha BPHC,Nawboicha BPHC
646,LAKHIMPUR,Dhakuakhana BPHC,Bakulguti Riverine PHC
647,MORIGAON,Jhargaon,Jhargaon BPHC
648,MORIGAON,Jhargaon,Dharamtul SHC
649,MORIGAON,Jhargaon,Nellie SD
650,MORIGAON,Jhargaon,Nakhola SHC
651,MORIGAON,Jhargaon,Jagibhakatgaon SD
652,MORIGAON,Jhargaon,Boha Borjhari MPHC
653,MORIGAON,Jhargaon,Meruagaon SD
654,MORIGAON,Jhargaon,Baghara SD
655,MORIGAON,Jhargaon,Manaha MPHC
656,MORIGAON,Jhargaon,BURGAON MPHC
657,MORIGAON,Jhargaon,Lonemati SD
658,MORIGAON,Jhargaon,Nakhola SHC
659,MORIGAON,Jhargaon,Ahatguri SHC
660,MORIGAON,Jhargaon,Khandakhaity Char PHC
661,MORIGAON,Bhurbandha,Bhurbandha BPHC
662,MORIGAON,Bhurbandha,Kahuati SD
663,MORIGAON,Bhurbandha,Gakhajua MPHC
664,MORIGAON,Bhurbandha,Charaibahi SD
665,MORIGAON,Bhurbandha,Borghat MPHC
666,MORIGAON,Bhurbandha,Mikirbheta SD
667,MORIGAON,Bhurbandha,KAPAHERA SHC
668,MORIGAON,Bhurbandha,GORMARI SD
669,MORIGAON,Bhurbandha,BAIDYABORI SHC
670,MORIGAON,Bhurbandha,Jaluguti SD
671,MORIGAON,Bhurbandha,Udari SD
672,MORIGAON,Bhurbandha,Monipurtup New PHC
673,MORIGAON,Bhurbandha,Simoluguri SD
674,MORIGAON,Laharighat,Sialmari SD
675,MORIGAON,Laharighat,Bhuragaon SHC
676,MORIGAON,Laharighat,Niz-Gerua SD
677,MORIGAON,Laharighat,Baralimari SD
678,MORIGAON,Laharighat,Nagabandha New PHC
679,MORIGAON,Laharighat,Jengpori Char PHC
680,MORIGAON,Laharighat,Kathani Char PHC
681,MORIGAON,Laharighat,Ulubari Char PHC
682,MORIGAON,Laharighat,Kushtoli New PHC
683,NAGAON,BURAGOHAITHAN,Buragohainthan 
684,NAGAON,BURAGOHAITHAN,Sillongoni
685,NAGAON,BURAGOHAITHAN,Hatichung
686,NAGAON,BURAGOHAITHAN,Pub Haichung
687,NAGAON,BURAGOHAITHAN,Jajori
688,NAGAON,BURAGOHAITHAN,Aibheti
689,NAGAON,BURAGOHAITHAN,Deodhar
690,NAGAON,BURAGOHAITHAN,Borjoha
691,NAGAON,BURAGOHAITHAN,Borkola
692,NAGAON,BURAGOHAITHAN,Rangalumukh
693,NAGAON,Jakhalabandha,jakhalabandha CHC
694,NAGAON,Jakhalabandha,Naltali MPHC
695,NAGAON,Jakhalabandha,Silghat MPHC
696,NAGAON,Jakhalabandha,Bamuni MPHC
697,NAGAON,Jakhalabandha,Kuthori MPHC
698,NAGAON,Jugijan,Jugijan PHC
699,NAGAON,Jugijan,Nilbagan MPHC
700,NAGAON,Jugijan,Dighaljar SD
701,NAGAON,LANKA BPHC/LANKA PHC,LANKA PHC
702,NAGAON,LANKA BPHC/KAKI MPHC,KAKI MPHC
703,NAGAON,LANKA BPHC/FULTOLI MPHC,FULTOLI MPHC
704,NAGAON,LANKA BPHC/KAPASHBARI SD,KAPASHBARI SD
705,NAGAON,LANKA BPHC/DERAPATHER SD,DERAPATHER SD
706,NAGAON,SAMAGURI,SAMAGURI PHC
707,NAGAON,SAMAGURI,PURANIGUDAM SD
708,NAGAON,SAMAGURI,RUPAHI SD
709,NAGAON,SAMAGURI,CHAPANALA SD
710,NAGAON,SAMAGURI,UDMARI SD
711,NAGAON,SAMAGURI,SINGIA SAMAGURI SD / New PHC
712,NAGAON,SAMAGURI,HALOAGAON MPHC
713,NAGAON,DHING,DHING PHC
714,NAGAON,DHING,BATADRAWA MPHC
715,NAGAON,DHING,BECHAMARI MPHC
716,NAGAON,DHING,UPPER DOOMDUMIA MPHC
717,NAGAON,DHING,AHOMGAON SD
718,NAGAON,DHING,KATAHGURI NPHC
719,NAGAON,DHING,KANDHULIMARI RPHC
720,NAGAON,KATHIATOLI,JAMUNAMUKH MPHC
721,NAGAON,KATHIATOLI,GARUKHUNDA SHC
722,NAGAON,KATHIATOLI,KATHIATOLI PHC
723,NAGAON,KATHIATOLI,KACHUA SD
724,NAGAON,KATHIATOLI,NONOI SD
725,NAGAON,KATHIATOLI,SINGIPUTANI MPHC
726,NAGAON,KATHIATOLI,BARHAMPUR SD
727,NAGAON,KATHIATOLI,KARAIYANI MPHC
728,NAGAON,KATHIATOLI,SINGIMARI SD
729,NAGAON,KATHIATOLI,Pub Kampur SD
730,NAGAON,Simonabasti,simonabasti
731,NAGAON,Simonabasti,PANIGAON
732,NAGAON,Simonabasti,KUWARITOL
733,NAGAON,Singimari,SINGIMARI PHC
734,NAGAON,Singimari,LAOKHOWA SHC
735,NAGAON,Singimari,AMBAGAN SD
736,NAGAON,Singimari,Kathpara MPHC
737,NAGAON,Singimari,TARABARI MPHC
738,NAGAON,Singimari,LORIMUKH MPHC
739,NAGAON,Singimari,BHURBANDHA RPHC
740,NAGAON,Singimari,BHOGAMUKH
741,NAGAON,Singimari,BHATIAKHALI MPHC
742,NAGAON,Singimari,GARAJAN SD
743,NAGAON,BARAPUJIA,MAHADEOSAL SHC 
744,NAGAON,BARAPUJIA,PHULUGURI SD 
745,NAGAON,BARAPUJIA,MOHGORH MPHC
746,NAGAON,BARAPUJIA,BARAPUJIA PHC
747,NAGAON,BARAPUJIA,RAHA SHC
748,NAGAON,BARAPUJIA,BAGALAJAN SD
749,NAGAON,BARAPUJIA,LAOPNAI SD
750,NAGAON,BARAPUJIA,GHAHI MPHC
751,NAGAON,BARAPUJIA,AMSOI SD
752,NAGAON,DAGAON,Dagaon PHC
753,NAGAON,DAGAON,Balikatia SD
754,NAGAON,DAGAON,Juria MPHC
755,NAGAON,DAGAON,Jengani Koladoba Riverine PHC
756,NAGAON,DAGAON,Arimari Char Riverine PHC
757,NAGAON,Singimari,No.6 Bhugmukh Char
758,NAGAON,Barapujia,Hatbar SC
759,NAGAON,KATHIATOLI,Nibukali PHC (Kandoli)
760,NAGAON,KATHIATOLI,"Lutumari (Longjap, Kathiatali)"
761,NAGAON,BURAGOHAITHAN,Haldhiati (Jajori Majgaon)
762,NAGAON,SAMAGURI,Khalihamari (under Bajigaon Dev. Block)
763,NALBARI,Kamarkuchi BPHC,Kamarkuchi PHC
764,NALBARI,Kamarkuchi BPHC,Karia-Bijulighat MPHC
765,NALBARI,Kamarkuchi BPHC,Marowa MPHC
766,NALBARI,Kamarkuchi BPHC,Burinagar MPHC
767,NALBARI,Kamarkuchi BPHC,Harimandir PHC
768,NALBARI,Kamarkuchi BPHC,Banekuchi MPHC
769,NALBARI,Kamarkuchi BPHC,Nankarbhira SHC
770,NALBARI,Kamarkuchi BPHC,Hati Namti SD
771,NALBARI,Mukalmua BPHC,Mukalmua BPHC
772,NALBARI,Mukalmua BPHC,Daulashal MPHC
773,NALBARI,Mukalmua BPHC,Kurihamari MPHC
774,NALBARI,Mukalmua BPHC,Bartola MPHC
775,NALBARI,Mukalmua BPHC,Narua MPHC
776,NALBARI,Mukalmua BPHC,Barnabari MPHC
777,NALBARI,Mukalmua BPHC,Adabari MPHC
778,NALBARI,Mukalmua BPHC,Lawtola MPHC
779,NALBARI,Mukalmua BPHC,Peradharachar R.PHC
780,NALBARI,Mukalmua BPHC,Bejirsutichar R.PHC
781,NALBARI,Chamata,Chamata BPHC
782,NALBARI,Chamata,Belsor Milan MPHC
783,NALBARI,Chamata,Solmara  MPHC
784,NALBARI,Chamata,Boritapa MPHC
785,NALBARI,Chamata,Pipalibari MPHC
786,NALBARI,Chamata,Borbila MPHC
787,NALBARI,Chamata,Uttar Dharmapur MPHC
788,NALBARI,Chamata,Niz-bahjani MPHC
789,NALBARI,Chamata,Bhadra Arora MPHC
790,NALBARI,Chamata,Chandakuchi SHC
791,NALBARI,Chamata,Balowa SHC
792,NALBARI,Chamata,Jagara PHC
793,NALBARI,GHOGRAPAR,Ghograpar BPHC
794,NALBARI,GHOGRAPAR,Dhamdhama MPHC
795,NALBARI,GHOGRAPAR,Allia MPHC
796,NALBARI,GHOGRAPAR,Sanekuchi SD
797,NALBARI,GHOGRAPAR,Balitara MPHC
798,NALBARI,GHOGRAPAR,Dakhingaon SD
799,NALBARI,GHOGRAPAR,Nilpur SD
800,NALBARI,GHOGRAPAR,Silpotabari MPHC
801,NALBARI,GHOGRAPAR,Vithamahal PHC
802,NALBARI,GHOGRAPAR,Barkhala MPHC
803,NALBARI,GHOGRAPAR,Latima PHC
804,NALBARI,Tihu Reporting Unit,Haribhanga SD
805,NALBARI,Tihu Reporting Unit,Jalkhana MPHC
806,NALBARI,Tihu Reporting Unit,Gobradal MPHC
807,NALBARI,Tihu Reporting Unit,Sialmari MPHC
808,NALBARI,Tihu Reporting Unit,Makhibaha MPHC
809,NALBARI,Tihu Reporting Unit,Niz-NAMATI SHC
810,SIVASAGAR,Kaloogaon BPHC,Kaloogaon BPHC
811,SIVASAGAR,Demow BPHC,Demow BPHC
812,SIVASAGAR,Demow BPHC,Banmukh MPHC
813,SIVASAGAR,Demow BPHC,Bamrajabari MPHC
814,SIVASAGAR,Demow BPHC,Nitaipukhuri MPHC
815,SIVASAGAR,Demow BPHC,Dehingmukh SHC
816,SIVASAGAR,Demow BPHC,Konwarpur SHC
817,SIVASAGAR,Demow BPHC,Palengi MPHC
818,SIVASAGAR,Demow BPHC,Desangmukh MPHC
819,SIVASAGAR,Gaurisagar BPHC,Gaurisagar BPHC
820,SIVASAGAR,Gaurisagar BPHC,Dikhowmukh MPHC
821,SIVASAGAR,Gaurisagar BPHC,Charing MPHC
822,SIVASAGAR,Gaurisagar BPHC,Boliaghat MPHC
823,SIVASAGAR,Gaurisagar BPHC,Hafaluting MPHC
824,SIVASAGAR,Geleky BPHC,Geleky BPHC
825,SIVASAGAR,Geleky BPHC,Nazira SHC
826,SIVASAGAR,Geleky BPHC,Santak MPHC
827,SIVASAGAR,Geleky BPHC,Namtiali MPHC
828,SIVASAGAR,Geleky BPHC,Juktoli MPHC
829,SIVASAGAR,Geleky BPHC,Simaluguri MPHC
830,SIVASAGAR,Morabazar BPHC,Morabazar BPHC
831,SIVASAGAR,Morabazar BPHC,Jhanji SHC
832,SIVASAGAR,Morabazar BPHC,Dupdor MPHC
833,SIVASAGAR,Khelua BPHC,Khelua BPHC
834,SIVASAGAR,Khelua BPHC,Chunpora  Gohain Khanda MPHC
835,SIVASAGAR,Khelua BPHC,Tengapukhuri MPHC
836,SIVASAGAR,Khelua BPHC,Lakowa MPHC
837,SIVASAGAR,Khelua BPHC,Mathurapur MPHC
838,SIVASAGAR,Patsaku BPHC,Patsaku BPHC
839,SIVASAGAR,Patsaku BPHC,Bokota MPHC
840,SIVASAGAR,Patsaku BPHC,Domordolong New PHC
841,SIVASAGAR,Patsaku BPHC,Narod Kumar New PHC
842,SIVASAGAR,Patsaku BPHC,Dhemaji Desangpani SD
843,SIVASAGAR,Patsaku BPHC,Suffry MPHC
844,SIVASAGAR,Patsaku BPHC,Sepon New PHC
845,SIVASAGAR,Patsaku BPHC,Sonari Urban Health Centre
846,SIVASAGAR,Sapekhati BPHC,Sapekhati BPHC
847,SIVASAGAR,Sapekhati BPHC,Bampahter MPHC
848,SIVASAGAR,Sapekhati BPHC,BORHAT MPHC
849,SIVASAGAR,Sapekhati BPHC,Barbarukhat MPHC
850,SIVASAGAR,Sapekhati BPHC,Khariabheta MPHC
851,SIVASAGAR,Sapekhati BPHC,Dangorikumar MPHC
852,SIVASAGAR,Sapekhati BPHC,Longpotia MPHC
853,SIVASAGAR,Sapekhati BPHC,Oguri Lukhurakhan MPHC
854,SIVASAGAR,,Wood Urban Health Centre
855,SONITPUR,GOHPUR BPHC,GOHPUR PHC
856,SONITPUR,GOHPUR BPHC,KAURIPATHAR NPHC
857,SONITPUR,GOHPUR BPHC,GAMIRI NPHC
858,SONITPUR,GOHPUR BPHC,HALEM SHC
859,SONITPUR,GOHPUR BPHC,JALUKBARI NPHC
860,SONITPUR,GOHPUR BPHC,BILOTIA NPHC
861,SONITPUR,GOHPUR BPHC,PAKEN NPHC
862,SONITPUR,GOHPUR BPHC,RAUNAMUKH MPHC
863,SONITPUR,GOHPUR BPHC,KAKILA NPHC
864,SONITPUR,GOHPUR BPHC,MAJIKUCHI SHC
865,SONITPUR,GOHPUR BPHC,LOHIMUKH SHC
866,SONITPUR,GOHPUR BPHC,HOWAJAN MCWC
867,SONITPUR,GOHPUR BPHC,Kalabari SD
868,SONITPUR,GOHPUR BPHC,BISHNUBORAH PHC
869,SONITPUR,Behalli BPHC ,Behali PHC 
870,SONITPUR,Behalli BPHC ,Gingia MPHC 
871,SONITPUR,Behalli BPHC ,Bedeti PHC 
872,SONITPUR,Biswanath Chariali BPHC,Pabhoi SD
873,SONITPUR,Biswanath Chariali,Kharasimalu NPHC
874,SONITPUR,Biswanath Chariali,Japoubari NPHC
875,SONITPUR,Biswanathchariali,Biswanathghat NPHC
876,SONITPUR,Biswanath Chariali,Balichang SHC
877,SONITPUR,Biswanathchariali,Kumalia Chapori PHC
878,SONITPUR,North Jamuguri,Rangachakuwa SD
879,SONITPUR,North Jamuguri,Itakhola NPHC
880,SONITPUR,North Jamuguri,Jamuguri SHC
881,SONITPUR,North Jamuguri,Nagsankar NPHC
882,SONITPUR,North Jamuguri,Sootea NPHC
883,SONITPUR,North Jamuguri,Bheloguri NPHC
884,SONITPUR,North Jamuguri,Tewaripal NPHC
885,SONITPUR,Balipara,Chengellimari SD
886,SONITPUR,Balipara,Balipara BPHC
887,SONITPUR,Balipara,Haleswar MPHC
888,SONITPUR,Balipara,Dekargaon SD
889,SONITPUR,Balipara,Dipota NPHC
890,SONITPUR,BIHAGURI PHC,Bihaguri PHC
891,SONITPUR,BIHAGURI PHC,Borgaon NPHC
892,SONITPUR,BIHAGURI PHC,Naharbari NPHC
893,SONITPUR,BIHAGURI PHC,Bandarmari SD
894,SONITPUR,BIHAGURI PHC,Besseria SD
895,SONITPUR,BIHAGURI PHC,Ulubari NPHC
896,SONITPUR,BIHAGURI PHC,Panchmile NPHC
897,SONITPUR,BIHAGURI PHC,Bhojkhowa Riverin PHC
898,Sonitpur,Dhekiajuli BPHC,Dhekiajuli PHC
899,Sonitpur,Dhekiajuli BPHC,Borsola NPHC
900,Sonitpur,Dhekiajuli BPHC,Doomdooma  NPHC
901,Sonitpur,Dhekiajuli BPHC,Raikashmari PHC
902,Sonitpur,Dhekiajuli BPHC,Hograjuli PHC
903,Sonitpur,Dhekiajuli BPHC,Singri SD
904,Sonitpur,Dhekiajuli BPHC,1No.Basasimalu River PHC
905,Sonitpur,Dhekiajuli BPHC,Garubandha SD
906,Sonitpur,Dhekiajuli BPHC,Dighaljuli PHC
907,Sonitpur,Dhekiajuli BPHC,Kumali Devi PHC
908,Sonitpur,Dhekiajuli BPHC,Batasipur PHC
909,Sonitpur,Dhekiajuli BPHC,Rowmari SD
910,SONITPUR,Rangapara BPHC,Rangapara PHC
911,SONITPUR,Tezpur Urban,Tezpur MCWC
912,Sonitpur,Dhekiajuli BPHC,Sirajuli PHC
913,TINSUKIA,Hapjan BPHC,Hapjan BPHC
914,TINSUKIA,Hapjan BPHC,Barekuri MPHC
915,Tinsukia,Kakopather BPHC,Kakopathar BPHC
916,TINSUKIA,Kakopather BPHC,Bordirak MPHC
917,TINSUKIA,Kakopather BPHC,Phillobari SD
918,TINSUKIA,Kakopathar BPHC,Saikhowaghat SD
919,TINSUKIA,Ketetong BPHC,Ketetong BPHC
920,TINSUKIA,Ketetong BPHC,Jagun MPHC
921,TINSUKIA,Ketetong BPHC,Pengaree MPHC
922,TINSUKIA,Ketetong BPHC,Hassak MPHC
923,TINSUKIA,Ketetong BPHC,Ledo MPHC
924,TINSUKIA,Ketetong BPHC,Inthem SD
925,TINSUKIA,Ketetong BPHC,Tirap gateSD
926,TINSUKIA,Ketetong BPHC,Kothalguri SD
927,TINSUKIA,Na-Sadiya BPHC,Na-Sadiya PHC
928,TINSUKIA,Na-Sadiya BPHC,Ambikapur MPHC
929,TINSUKIA,Na-Sadiya BPHC,Santipur MPHC
930,TINSUKIA,Na-Sadiya BPHC,Amarpur Reverine PHC
931,TINSUKIA,Na-Sadiya BPHC,Sunpura New PHC
932,TINSUKIA,Hapjan BPHC,Bandarkhati New PHC
933,TINSUKIA,Hapjan BPHC,Tingrai Tiniali New PHC
934,TINSUKIA,Ketetong,Tekeri New PHC
935,TINSUKIA,Hapjan BPHC,Bordubi New PHC
936,UDALGURI,Khoirabari,Khoirabari Block PHC
937,UDALGURI,Khoirabari,Dimakuchi New PHC
938,UDALGURI,Khoirabari,Pachim Patla MPHC
939,UDALGURI,Khoirabari,Bamunjuli MPHC
940,UDALGURI,Khoirabari,Panisheli SD
941,UDALGURI,Khoirabari,Udmari MPHC
942,UDALGURI,Khoirabari,Bhergaon MPHC
943,UDALGURI,Orang,PAURIPOTA SD
944,UDALGURI,Orang,ORANG BPHC
945,UDALGURI,Orang,MAZBAT MPHC
946,UDALGURI,Orang,ROWTA MPHC
947,UDALGURI,Orang,GERUA BAZAR MPHC
948,UDALGURI,UDALGURI,Udalguri BPHC
949,UDALGURI,UDALGURI,Bhokelikanda MPHC
950,UDALGURI,UDALGURI,Dakua MPHC
951,UDALGURI,UDALGURI,Paneri SHC
952,UDALGURI,UDALGURI,Kalaigaon
953,UDALGURI,UDALGURI,KAJIAMATI
954,UDALGURI,UDALGURI,Harisinga
955,UDALGURI,UDALGURI,Bhakatpara
956,UDALGURI,UDALGURI,BANDARGURI S.D.
957,UDALGURI,UDALGURI,Pakribari
958,UDALGURI,UDALGURI,Puthimari SD
959,UDALGURI,UDALGURI,Sastrapara MPHC
960,BONGAIGAON,BOITAMARI BPHC,BOITAMARI BPHC
961,BONGAIGAON,BOITAMARI BPHC,CHALANTAPARA MPHC
962,BONGAIGAON,BOITAMARI BPHC,KACHUDOLA MPHC
963,BONGAIGAON,BOITAMARI BPHC,DHANTOLA MPHC
964,BONGAIGAON,BOITAMARI BPHC,BISHNUPUR SD
965,BONGAIGAON,BONGAIGAON BPHC,BONGAIGAON BPHC
966,BONGAIGAON,BONGAIGAON BPHC,CHAPRAKATA MPHC
967,BONGAIGAON,BONGAIGAON BPHC,CHIPANSILA MPHC
968,BONGAIGAON,BONGAIGAON BPHC,KHAGARPUR MPHC
969,BONGAIGAON,BONGAIGAON BPHC,MAJGAON SD
970,BONGAIGAON,BONGAIGAON BPHC,MULAGAON MPHC
971,BONGAIGAON,BONGAIGAON BPHC,PANCHAPUR MPHC
972,BONGAIGAON,MANIKPUR BPHC,BHANDARA CHAR PHC
973,BONGAIGAON,MANIKPUR BPHC,DOMPARA MPHC
974,BONGAIGAON,MANIKPUR BPHC,FAGUNAGAON MPHC
975,BONGAIGAON,MANIKPUR BPHC,JHAWBARI SD
976,BONGAIGAON,MANIKPUR BPHC,MANIKPUR BPHC
977,BONGAIGAON,MANIKPUR BPHC,PATILADAHA MPHC
978,BONGAIGAON,SRIJANGRAM BPHC,ABHAYAPURI SD
979,BONGAIGAON,SRIJANGRAM BPHC,AMGURI MPHC
980,BONGAIGAON,SRIJANGRAM BPHC,CHAKLA KOKILA SD
981,BONGAIGAON,SRIJANGRAM BPHC,DUMERGURI MPHC
982,BONGAIGAON,SRIJANGRAM BPHC,KIRTANPARA PHC
983,BONGAIGAON,SRIJANGRAM BPHC,LENGTISINGA MPHC
984,BONGAIGAON,SRIJANGRAM BPHC,MERERCHAR PHC
985,BONGAIGAON,SRIJANGRAM BPHC,NORTH SALMARA SD
986,BONGAIGAON,SRIJANGRAM BPHC,PACHANIA MPHC
987,BONGAIGAON,SRIJANGRAM BPHC,RANGAPANI SD
988,BONGAIGAON,SRIJANGRAM BPHC,SIDALSATI MPHC
989,BONGAIGAON,SRIJANGRAM BPHC,SRIJANGRAM BPHC
990,CHIRANG,BALLAMGURI,BALLAMGURI BPHC
991,CHIRANG,BALLAMGURI,GARGAON PHC
992,CHIRANG,BALLAMGURI,ALUKHUNDA PHC
993,CHIRANG,BALLAMGURI,MAKRA PATKIGURI MPHC
994,CHIRANG,BALLAMGURI,AMTEKA MPHC
995,CHIRANG,BALLAMGURI,BOROBAZAR SD
996,CHIRANG,BALLAMGURI,BIJNI SD
997,CHIRANG,BALLAMGURI,AMGURI SD
998,CHIRANG,BALLAMGURI,ULUBARI SHC
999,CHIRANG,BALLAMGURI,PANBARI SHC
1000,CHIRANG,BALLAMGURI,SUBHAIJHAR SD
1001,CHIRANG,BALLAMGURI,KOILAMOILA SHC
1002,CHIRANG,SIDLI BPHC,Sidli
1003,CHIRANG,SIDLI BPHC,Garubhasa SD
1004,CHIRANG,SIDLI BPHC,Rowmari SD
1005,CHIRANG,SIDLI BPHC,Ouguri MPHC
1006,CHIRANG,SIDLI BPHC,Ranchaidham SD
1007,CHIRANG,SIDLI BPHC,Runikhata SD
1008,CHIRANG,SIDLI BPHC,Kinaborgaon MPHC
1009,CHIRANG,SIDLI BPHC,Basugaon MPHC
1010,CHIRANG,SIDLI BPHC,Champabati MPHC
1011,CHIRANG,SIDLI BPHC,Sidli
1012,CHIRANG,,Bishnupur no. 2
1013,CHIRANG,SIDLI BPHC,Bhirengaon SD
1014,CHIRANG,SIDLI BPHC,Shantipur SD